{"data":{"time_to_load":{"allocs":159,"gctimes":[0],"memory":11432,"params":{"gctrial":true,"time_tolerance":0.05,"evals_set":false,"samples":1,"evals":1,"gcsample":false,"seconds":5,"overhead":0,"memory_tolerance":0.01},"times":[171213,4.285337516e9,4.278219417e9,4.293699319e9,4.32694269e9]},"simulate":{"data":{"4":{"allocs":30484800,"gctimes":[68948484,66306422,70077723,70364451,70875554,72757646,74767368,78969240,74867133],"memory":836755200,"params":{"gctrial":true,"time_tolerance":0.05,"evals_set":false,"samples":100,"evals":1,"gcsample":false,"seconds":5,"overhead":0,"memory_tolerance":0.01},"times":[658244306,573385598,574851566,580599406,579063103,593559363,575088490,582970065,575747848]},"1":{"allocs":3994560,"gctimes":[5688218,10717516,10904789,11950628,9763420,5462844,8254330,9375730,9694382,12531091,8603045,9218173,12473051,13871864,10185615,9346023,8710699,10519314,8343056,8897811,12071294,9834355,10316200,10402803,9505466,11800636,8613585,12047700,9833080,10607429,8442473,10243013,10392505,11426021,9365120,9297794,10184634,10398896,11390774,12209405,9356534,9025532,12441562,9632194,10502270,7445786,8670271,10724019,7362730,10874382,8091091,12773877,8381147,11579399,9603769,10134118,8662879,10075078,8126178,10226281,12299214,9362535,10586559,7583957,10154466,10435175,8171894,13780253,8821417],"memory":117734400,"params":{"gctrial":true,"time_tolerance":0.05,"evals_set":false,"samples":100,"evals":1,"gcsample":false,"seconds":5,"overhead":0,"memory_tolerance":0.01},"times":[70299283,90324572,92012671,94478352,81187441,71661848,69936241,71819716,71768660,76125722,70629695,70964937,75190712,75707254,71831658,71248230,70304142,71535179,70086012,71465559,73381195,70908530,71634086,72606717,71557382,73404178,70018755,72954882,71504743,72156760,70572257,71276533,72623388,73250980,70874466,70250772,71226128,72315268,73306444,76222153,71535591,71334703,75229624,70936763,72628568,68934273,70942665,72815079,68851007,72578494,70073749,74978071,70341072,74257715,70714625,71497418,71223553,71837238,70013194,71391830,74567148,71298173,72216252,69059990,71607736,73804802,69984490,76483996,71331466]},"5":{"allocs":44781120,"gctimes":[103186866,118230618,129607298,117699364,128087101,119822603],"memory":1221073920,"params":{"gctrial":true,"time_tolerance":0.05,"evals_set":false,"samples":100,"evals":1,"gcsample":false,"seconds":5,"overhead":0,"memory_tolerance":0.01},"times":[879259700,871036557,882792036,867328672,873078495,871697062]},"2":{"allocs":10091520,"gctimes":[16380268,22646395,21836179,26446226,23513962,22854406,25418392,26245961,25639749,22180716,25954332,23154779,23753168,23770561,21123998,22826915,24343079,25219448,23822247,22341741,21292506,34974876,27906156,21335055,22259374,23073307,24843498],"memory":285085440,"params":{"gctrial":true,"time_tolerance":0.05,"evals_set":false,"samples":100,"evals":1,"gcsample":false,"seconds":5,"overhead":0,"memory_tolerance":0.01},"times":[202110334,234589409,193503581,193657210,188711419,189541251,192845562,192070682,190495938,185881681,191208048,187661993,187512511,189990917,186083741,187798049,188948173,191678003,188850189,186566269,188928326,201960590,194162079,186824976,186330405,190156688,188944165]},"3":{"allocs":18921600,"gctimes":[41549773,40253732,49368522,44097207,45802527,48127777,44629718,51249703,51027313,42722728,48510964,47240504,44667598,48614802],"memory":524759040,"params":{"gctrial":true,"time_tolerance":0.05,"evals_set":false,"samples":100,"evals":1,"gcsample":false,"seconds":5,"overhead":0,"memory_tolerance":0.01},"times":[418597998,366799572,364545268,360470526,359983971,364383422,362130611,368575814,367612510,358693569,366978085,367184304,359759926,375501139]}},"tags":[]}},"tags":[]}