{"data":{"time_to_load":{"allocs":159,"gctimes":[0],"memory":11432,"params":{"gctrial":true,"time_tolerance":0.05,"evals_set":false,"samples":1,"evals":1,"gcsample":false,"seconds":5,"overhead":0,"memory_tolerance":0.01},"times":[81774,4.348149163e9,4.311376487e9,4.366243783e9,4.357711677e9]},"simulate":{"data":{"4":{"allocs":30484800,"gctimes":[65436131,71878666,68914070,76392996,76326652,76042777,70907297,73206590,77791498],"memory":836755200,"params":{"gctrial":true,"time_tolerance":0.05,"evals_set":false,"samples":100,"evals":1,"gcsample":false,"seconds":5,"overhead":0,"memory_tolerance":0.01},"times":[645346750,586839862,582069482,594766592,597200744,594651995,586355306,584886350,590869472]},"1":{"allocs":3994560,"gctimes":[4894183,10265424,10851327,11119792,8122580,6247040,8610288,9537854,10633578,8713863,7828136,12655794,9059104,10007399,11714812,9477090,8438715,10931307,8618796,10853542,12607753,8184056,13474944,9074993,11102058,10873388,8749831,10982234,9863567,12311555,8037691,10771429,8878132,12072996,11309759,8568489,11619602,8668949,11327172,11532379,8557679,14458145,8339770,9991047,7987676,10827271,12514327,11758734,7760237,8996474,11750269,9896118,11670489,8675811,10410368,9244862,10030812,10744115,8034403,11272541,8475805,11277119,10717346,10844535,7822665,10843533,8177062,12744309],"memory":117734400,"params":{"gctrial":true,"time_tolerance":0.05,"evals_set":false,"samples":100,"evals":1,"gcsample":false,"seconds":5,"overhead":0,"memory_tolerance":0.01},"times":[68615703,90520126,93268450,95102903,81520997,72951485,72517779,72872717,73321362,71414001,69831101,75192283,72156779,72124297,74615468,71991097,70885536,75942174,72068132,73110845,77479678,71248399,78751262,77604924,75118314,73322073,75148461,73321120,72683520,74824120,70992738,73306723,71815095,75463303,73796485,72349712,74313809,72057131,73474719,74337644,70954245,78779315,72159404,72633837,72874980,74642137,75953957,74043981,70224542,70779786,74588306,71925032,74094076,71288995,72731851,73054028,72215780,73796585,70617641,74694295,71288884,74808981,73248754,74020737,70519716,73696517,70580973,76363156]},"5":{"allocs":44781120,"gctimes":[106833754,119024931,115054579,117852065,117978267,117152794],"memory":1221073920,"params":{"gctrial":true,"time_tolerance":0.05,"evals_set":false,"samples":100,"evals":1,"gcsample":false,"seconds":5,"overhead":0,"memory_tolerance":0.01},"times":[917676886,886542363,881141725,894667525,893605855,896419829]},"2":{"allocs":10091520,"gctimes":[16245862,24827317,26850295,24628493,26771416,20498528,28385401,26512811,27335779,21183116,24566438,25515260,22449077,25018027,21968475,23002000,24925749,26029159,26476300,25960578,26111923,21117474,26095782,22436475,26248942,25925744],"memory":285085440,"params":{"gctrial":true,"time_tolerance":0.05,"evals_set":false,"samples":100,"evals":1,"gcsample":false,"seconds":5,"overhead":0,"memory_tolerance":0.01},"times":[205222100,247344372,200169318,192677965,194523750,187922414,195961757,194280432,195035092,188230533,191108050,190598000,188995092,191803328,188666664,188513245,190997230,191405839,193226026,195830539,198940984,187627828,192142556,188515909,193182794,191081408]},"3":{"allocs":18921600,"gctimes":[44315181,41592262,45077508,45594796,48342272,41773777,48410532,46490037,50251012,48228789,47086226,48179496,48710816,47557795],"memory":524759040,"params":{"gctrial":true,"time_tolerance":0.05,"evals_set":false,"samples":100,"evals":1,"gcsample":false,"seconds":5,"overhead":0,"memory_tolerance":0.01},"times":[422187468,377259975,365401794,364876513,369352900,364588772,373822102,369016917,371531490,367548412,373812072,369324684,372921936,366443060]}},"tags":[]}},"tags":[]}